파일명,제품명,용량,상품코드,정상가_표시,할인가_표시,할인 내용
롯데 선(1).jpg,AHC 마스터즈 아쿠아리치 선크림 (기획),30ML*2입,118809759093996,"18,000원","18,000원",식별불가
롯데 선(10).jpg,피지오겔 DMT UV 선로션,식별불가,98801051215991,"28,000원","28,000원",식별불가
롯데 선(11).jpg,피지오겔 DMT 마일드 릴리프 썬,40G,8801051293708,"28,000원","28,000원",식별불가
롯데 선(12).jpg,싸이닉 엔조이 선크림,식별불가,8809546004730,"17,800원","8,900원",2개 이상 개당
롯데 선(13).jpg,싸이닉 엔조이 선스틱,20G,48809546005607,"13,800원","6,900원",2개 이상 개당
롯데 선(14).jpg,싸이닉 엔조이 선에센스,80ML,8809546005591,"15,800원","7,900원",2개 이상 개당
롯데 선(15).jpg,AHC 프레쉬 선스틱 스페셜세트,14G,9880961168582,"14,000원","14,000원",식별불가
롯데 선(16).jpg,바세린 데일리 선크림,50ML,7880161904848,"13,900원","6,950원",2개 이상 개당
롯데 선(17).jpg,바세린 톤업 선크림,50ML,8801619048498,"13,900원","6,950원",2개 이상 개당
롯데 선(18).jpg,듀이트리 수분 장벽 선크림,40ML,8809517476986,"12,900원","12,900원",행사카드 증정
롯데 선(18).jpg,듀이트리 멀티 톤업 선스틱,13G,식별불가,"15,300원","15,300원",행사카드 증정
롯데 선(19).jpg,듀이트리 커버 비비 선크림,40ML,8809517476443,"11,500원","11,500원",행사카드 증정
롯데 선(19).jpg,듀이트리 커버 비비 선쿠션,14G,8809517476498,"13,300원","13,300원",행사카드 증정
롯데 선(2).jpg,퓨어더마 퍼팩트 선쿠션 (흰둥이),식별불가,8809949560482,"29,900원","20,930원",2개 이상 개당
롯데 선(20).jpg,닥터지 브라이트닝 업선플러스,35ML,8809695361210,"12,900원","12,900원",행사카드 증정
롯데 선(20).jpg,닥터지 그린마일드 업선플러스,35ML,8809838661307,"12,900원","12,900원",행사카드 증정
롯데 선(21).jpg,그린핑거 산리오 야외 놀이 워셔블 선크림,80ML,8801166407922,식별불가,"12,900원",2개이상개당
롯데 선(21).jpg,그린핑거 산리오 야외 놀이 워셔블 선팩트,15G,8801166407939,식별불가,"15,900원",2개이상개당
롯데 선(22).jpg,그린핑거 산리오순 한 무기자차 선쿠션,12G,8801166407946,식별불가,"14,900원",2개 이상 개당
롯데 선(22).jpg,그린핑거 산리오 순 한 무기자차 선스틱,14G,8801166407953,식별불가,"13,900원",2개 이상 개당
롯데 선(23).jpg,그린핑거 야외놀이 힘센 선크림,70ML,8801166404754,식별불가,"10,900원",2개이상개당
롯데 선(23).jpg,그린핑거 프레쉬 선스틱,15G,8801166397698,식별불가,"12,500원",2개이상개당
롯데 선(24).jpg,닥터아토데일리 보습 선 프로텍터,50ML,8801092525936,식별불가,"12,950원",2개이상 개당
롯데 선(24).jpg,닥터아토 실키 선스틱,15G,8801092526421,식별불가,"12,950원",2개이상 개당
롯데 선(25).jpg,닥터아토 워터프루프 선 프로텍터,80ML,8801092525929,"12,950원","12,950원",2개이상 개당
롯데 선(25).jpg,닥터아토 쿨링 선스프레이,150ML,8801092525943,"10,950원","10,950원",2개이상 개당
롯데 선(26).jpg,어반쉐이드 쿨 카밍 수분선,150ML,68809517477464,"17,900원","17,900원","햇어클리닝 롯데국민신NH농협삼성카드 50,000원 이상구매시 5천원 롯데상품권증정"
롯데 선(27).jpg,듀이트리 수분장벽 선크림,40ML,8809517476986,"12,900원","12,900원","핫썸머클리닝 롯데KB국민신NH농협 삼성카드 50,000원이상구매시 5천원 롯데상품권증정"
롯데 선(28).jpg,듀이트리 커버비비 선크림,40ML,8809517476443,"11,500원","11,500원","핫썸머클리닝 롯데KB국민신화농협 삼성카드 50,000원이상구매시 5천원 롯데상품권증정"
롯데 선(29).jpg,듀이트리 핑크톤업 선크림,50ML,8809517476429,"13,200원","13,200원",증정
롯데 선(3).jpg,퓨어더마 퍼펙트 선스틱 (짱구),19 g,8809949560468,"19,900원","13,930원",2개 이상 개당
롯데 선(30).jpg,듀이트리 커버비비 선쿠션,14G,8809517476498,"13,300원","13,300원",식별불가
롯데 선(31).jpg,듀이트리 멀티톤업 선스틱,13G,8809517477006,"15,300원","15,300원","핫썸머쿨러 롯데 KB국민신화농협 삼성카드 50,000원이상구매시 5천원 롯데상품권증정"
롯데 선(32).jpg,듀이트리 쿨링진정 선스틱,20G,8809517476481,"10,200원","10,200원",증정
롯데 선(4).jpg,퓨어더마 퍼펙트선쿠션 (짱구),15ML,378809949560475,"29,900원","20,930원",2개 이상 개당
롯데 선(5).jpg,듀어더마 퍼펙트 선크림 (짱구),80ML,158809949560451,"16,900원","11,830원",2개 이상 개당
롯데 선(6).jpg,벨먼포켓몬 UV꼬부기선크림,80ML,8809949544383,"16,900원","11,830원",2개 이상 개당
롯데 선(7).jpg,벨먼포켓몬 UV 이브이선스틱,19.5G,28809949544369,"19,900원","13,930원",2개 이상 개당
롯데 선(8).jpg,벨먼포켓몬 UV 피카츄선스틱,19.5G,8809949544352,"19,900원","13,930원",2개 이상 개당
롯데 선(9).jpg,벨먼포켓몬 UV 피카츄선크림,80ML,48809949544376,"16,900원","11,830원",2개 이상 개당
